X,Y,Z
-36,605,988
-42,616,994
-46,625,993
-42,611,1000
-40,619,988
-33,625,990
-40,625,995
-31,623,990
-34,623,996
-41,615,991
-51,621,1002
-43,631,1000
-40,621,996
-45,627,1012
-35,622,986
-37,625,996
-45,615,998
-40,615,994
-36,628,987
-42,612,997
-46,607,996
-32,608,989
-54,619,1000
-35,623,1002
-45,627,995
-37,612,998
-31,628,1000
-47,613,1002
-42,620,994
-35,614,993
-43,609,1002
-32,622,991
-47,618,982
-39,615,986
-44,615,988
-40,607,1004
-48,624,1001
-32,615,996
-43,621,995
-48,622,1004
-39,624,996
-39,613,997
-41,621,1003
-37,618,999
-38,625,994
-25,612,994
-45,622,999
-50,619,995
-24,608,997
-46,622,990
-48,614,1001
-21,614,997
-46,608,994
-60,618,976
-55,629,960
-50,619,965
-63,628,961
-47,634,963
-50,633,959
-52,633,956
-69,631,960
-63,626,945
-51,637,944
-67,643,944
-58,645,930
-75,646,934
-68,644,929
-73,662,916
-72,661,917
-70,680,891
-71,669,897
-54,668,861
-51,654,849
-66,659,868
-40,666,858
-50,673,850
-31,674,854
-21,669,875
-31,681,873
-5,703,879
-11,689,892
5,694,908
18,708,919
42,707,929
34,707,941
39,725,956
52,716,986
47,726,1003
55,744,1025
57,736,1040
62,728,1063
72,739,1073
51,745,1102
60,745,1116
60,739,1157
51,745,1160
30,736,1169
25,724,1177
33,734,1199
32,712,1214
34,704,1196
24,692,1215
24,678,1212
32,678,1216
27,660,1218
13,658,1218
21,642,1226
4,629,1219
2,637,1221
2,617,1202
0,602,1214
12,592,1208
-8,581,1198
-19,588,1195
-14,579,1181
-4,574,1187
-1,550,1186
-1,548,1181
-13,561,1164
3,543,1187
-3,521,1156
-4,521,1162
-10,503,1168
-1,506,1155
-11,468,1150
-13,484,1166
-12,469,1153
-4,465,1156
-5,455,1151
-18,461,1158
-4,451,1154
-14,449,1159
-7,434,1153
-10,441,1153
-8,431,1149
-21,436,1160
-10,430,1157
-18,421,1164
-16,423,1164
-13,421,1149
-8,429,1174
-22,411,1190
-22,408,1199
-27,419,1212
-15,426,1222
-32,418,1225
-36,420,1242
-40,427,1249
-40,429,1263
-37,444,1279
-53,457,1281
-71,454,1302
-64,470,1301
-77,492,1312
-129,585,1370
-151,609,1384
-165,633,1395
-177,667,1406
-197,702,1412
-193,721,1416
-215,736,1417
-214,755,1428
-225,786,1433
-251,798,1438
-258,825,1460
-262,842,1458
-273,864,1458
-279,889,1475
-296,884,1482
-296,899,1489
-306,908,1502
-307,908,1500
-295,903,1490
-304,921,1492
-289,904,1497
-285,905,1495
-288,906,1508
-303,912,1496
-303,916,1492
-296,910,1501
-303,923,1510
-312,928,1499
-310,928,1502
-306,929,1496
-311,927,1486
-317,945,1500
-318,959,1525
-326,956,1533
-320,961,1545
-330,954,1545
-335,967,1569
-336,973,1575
-333,980,1596
-347,962,1606
-344,963,1623
-348,966,1627
-350,966,1634
-350,977,1647
-347,981,1651
-338,982,1664
-354,982,1676
-349,989,1667
-346,980,1687
-350,991,1703
-349,985,1718
-337,983,1707
-342,991,1734
-344,985,1734
-354,973,1745
-345,960,1753
-348,974,1762
-353,973,1752
-338,969,1761
-339,974,1749
-340,972,1762
-354,972,1756
-363,960,1751
-337,959,1765
-349,958,1769
-342,967,1756
-356,972,1745
-331,967,1761
-343,961,1762
-341,955,1749
-344,967,1740
-338,956,1763
-344,967,1751
-349,957,1752
-340,963,1764
-505,1502,2011
-471,1441,1239
497,-347,712
-247,1216,1236
937,-975,-395
465,496,-380
573,407,-356
811,-905,-136
-115,1235,708
888,-769,-21
-328,1689,1213
11,222,1501
858,-943,633
886,-956,361
382,-280,1310
-448,1120,1452
703,321,-603
-91,180,1648
1037,-1124,88
452,704,-660
2,1466,-312
233,1145,-458
959,85,-529
472,-820,1409
-280,1720,-144
396,-616,1447
955,35,-184
178,1480,-508
146,1445,-450
535,695,-391
980,-1098,711
-331,518,842
1000,10,65
-298,1630,23
-54,10,1186
297,-780,1411
61,-194,1216
-440,1255,216
574,759,-244
180,-740,1295
741,509,45
-284,1633,-223
-405,399,440
-399,428,344
-257,1570,-255
696,640,218
40,-358,772
1036,340,585
69,1600,-314
-285,1612,-262
-267,1537,-294
-170,1582,-291
178,1491,-88
591,1123,183
1020,241,850
883,-859,1143
500,-911,1151
-19,-267,564
-424,822,-111
-33,1507,-234
701,951,387
991,-537,1110
384,-892,969
-380,281,150
-163,1620,-293
734,765,418
845,-917,1198
31,-568,664
-353,1337,-243
547,1338,212
896,-749,1139
87,-586,763
-290,1290,-238
557,1142,188
875,-839,1170
36,-402,643
-215,1466,-242
808,656,539
829,-1087,1230
-310,132,207
463,1404,79
862,-740,1167
-31,-335,599
-192,1477,-272
774,739,463
706,-924,1269
-276,135,204
-17,1510,-223
1072,196,890
445,-992,1020
-412,688,-81
420,1455,19
800,706,481
667,-875,1193
-371,139,173
64,1583,-171
1073,-137,1015
188,-733,888
-315,1220,-227
610,1228,318
839,-882,1199
-207,-47,386
-80,1511,-233
1072,356,825
341,-872,980
-348,1025,-162
547,1178,156
831,-839,1225
-159,-103,383
-240,1662,-300
1042,330,860
386,-858,964
-389,906,-96
526,1278,146
900,-843,1214
-155,-221,503
-84,1508,-245
990,421,765
513,-922,1111
-431,823,-64
513,1297,149
862,-743,1203
10,-406,607
-268,1566,-245
984,398,800
526,-850,1068
-484,498,26
392,1442,32
1003,-412,1114
74,-557,764
-308,1399,-264
704,971,404
820,-972,1229
-214,-39,371
-157,1577,-254
1001,466,770
482,-864,1015
-446,731,-59
419,1486,13
974,-618,1104
47,-611,715
-64,1516,-171
1129,159,919
201,-792,913
-349,1089,-141
557,1267,193
876,-859,1259
-171,-100,362
-151,1495,-250
1109,287,834
425,-924,981
-431,744,-88
390,1559,24
934,-761,1154
-115,-131,466
-150,1470,-224
934,616,643
534,-951,1138
-474,406,48
291,1535,-58
1054,-280,1077
119,-646,786
-279,1374,-225
687,857,394
755,-897,1198
-396,228,174
205,1526,-77
1091,-31,994
187,-903,866
-272,1328,-232
681,940,397
743,-945,1187
-336,113,255
84,1546,-184
1044,-124,1021
162,-685,839
-352,1114,-218
564,1246,302
841,-836,1177
-59,-287,546
-155,1485,-237
859,525,640
686,-921,1163
-389,391,73
225,1570,-82
1020,-312,1073
124,-682,747
-302,1374,-169
716,744,472
742,-907,1158
-167,-89,388
-127,1487,-232
944,403,734
539,-832,1095
-416,394,31
187,1484,-14
1064,-198,1018
189,-856,875
-268,1244,-188
664,1121,382
802,-965,1173
-210,82,300
-41,1460,-184
1053,159,855
357,-898,1007
-215,1470,-240
763,681,479
708,-941,1164
-343,232,145
118,1536,-154
1075,-75,1016
199,-859,802
-314,1226,-190
592,1081,268
868,-911,1189
-165,-64,406
-85,1526,-235
935,425,688
530,-844,1068
-456,503,32
318,1565,-13
982,-481,1134
66,-663,706
-205,1461,-234
748,644,528
822,-1007,1179
-253,9,290
-152,1597,-221
1023,254,857
442,-913,1069
-460,528,-28
376,1478,103
952,-557,1109
100,-595,706
-316,1374,-248
713,833,495
740,-933,1143
-358,196,173
129,1472,-80
1024,-179,1021
223,-792,882
-413,459,16
-297,777,-74
313,-510,969
124,1252,-175
501,1006,56
49,1290,-223
489,-543,1239
-320,713,300
-324,887,208
137,-333,1220
560,805,-177
662,-685,984
556,-542,1119
914,-88,230
-212,1289,357
785,113,-70
754,-708,624
989,-492,280
190,1064,-264
309,-287,1309
-9,1151,460
169,1005,-163
61,1077,135
-322,944,1235
741,-592,271
-358,1171,1198
150,941,2
679,316,-398
425,585,-234
-16,1026,792
611,-399,611
73,937,331
639,-406,148
-208,571,1436
-109,1076,1249
-78,1017,1213
-113,489,1363
-176,688,1396
-95,971,1245
-137,501,1413
-169,901,1335
-81,705,1271
-167,627,1385
-109,941,1276
-110,572,1340
-152,786,1331
-102,809,1274
-117,589,1352
-139,810,1329
-114,758,1296
-125,628,1329
-140,780,1325
-109,766,1310
-109,662,1320
-132,745,1323
-120,770,1319
-125,704,1305
-126,719,1327
-133,748,1318
-119,713,1317
-131,733,1311
-128,725,1310
-116,729,1319
-123,729,1319
-109,742,1326
-130,737,1306
-115,747,1314
-110,735,1313
-109,723,1334
-122,724,1313
-115,731,1319
-122,729,1317
-119,738,1316
-123,735,1322
-122,715,1319
-124,734,1314
-117,737,1313
-123,720,1319
-108,731,1319
-140,727,1318
-124,730,1321
-124,726,1323
-127,731,1314
-124,727,1316
-114,714,1323
-123,734,1324
-123,735,1307
-117,732,1317
-125,735,1316
-129,731,1313
-111,737,1317
-122,742,1319
-118,726,1319
-123,724,1319
-123,727,1309
-133,729,1317
-104,730,1309
-115,723,1308
-126,723,1313
-111,723,1312
-124,733,1316
-128,731,1320
-121,736,1323
-117,742,1313
-123,728,1322
-108,735,1329
-125,719,1317
-117,742,1330
-126,733,1322
-132,738,1319
-122,738,1317
-116,733,1323
-124,726,1325
-132,729,1320
-115,725,1318
-130,715,1315
-124,721,1324
-127,725,1326
-118,734,1321
-122,728,1319
-126,740,1322
-117,728,1310
-128,729,1314
-115,722,1314
-126,724,1316
-123,728,1319
-135,735,1321
-122,737,1313
-120,732,1322
-115,723,1308
-125,729,1316
-122,734,1324
-120,727,1320
-115,729,1309
-127,732,1312
-118,735,1323
-128,721,1301
-126,728,1312
-118,740,1305
-125,734,1316
-130,729,1320
-128,732,1315
-140,726,1309
-116,733,1325
-118,725,1321
-118,744,1316
-126,736,1316
-128,716,1318
-113,735,1313
-122,733,1319
-124,730,1327
-125,721,1304
-121,728,1319
-124,714,1323
-119,725,1315
-132,732,1313
-138,731,1323
-119,732,1320
-117,726,1312
-123,729,1320
-123,719,1313
-123,730,1323
-122,725,1331
-118,724,1330
-119,722,1312
-129,724,1326
-120,726,1330
-115,732,1312
-127,728,1328
-114,723,1331
-124,735,1325
-121,747,1319
-130,728,1311
-119,733,1317
-141,736,1318
-122,732,1316
-123,724,1314
-127,731,1328
-119,724,1331
-122,734,1314
-127,732,1326
-125,733,1315
-122,734,1317
-134,732,1323
-111,726,1326
-125,741,1312
-128,725,1312
-133,729,1325
-131,739,1310
-125,743,1312
-127,731,1313
-120,744,1310
-142,739,1314
-138,730,1317
-145,740,1323
-125,739,1320
-124,752,1303
-128,735,1308
-142,743,1313
-135,742,1317
-137,740,1315
-130,741,1315
-132,742,1304
-132,742,1315
-134,746,1320
-126,730,1302
-124,743,1308
-126,741,1315
-125,745,1320
-125,746,1311
-131,734,1319
-125,729,1317
-134,735,1308
-127,742,1320
-127,736,1320
-125,739,1315
-135,737,1319
-124,739,1312
-129,751,1314
-140,737,1325
-137,737,1317
-128,736,1314
-135,741,1316
-134,737,1308
-125,740,1317
-126,734,1319
-131,732,1314
-124,725,1317
-116,725,1322
-111,730,1319
-110,734,1324
-112,729,1332
-102,728,1338
-105,719,1332
-108,722,1336
-106,726,1345
-109,732,1327
-105,737,1353
-94,708,1340
-100,725,1342
-99,725,1349
-103,718,1350
-111,723,1351
-113,723,1350
-101,722,1339
-106,722,1337
-92,730,1348
-112,720,1348
-99,722,1345
-108,729,1346
-113,721,1346
-101,721,1349
-118,739,1350
-103,733,1343
-104,730,1340
-107,734,1353
-108,734,1346
-106,726,1347
-100,722,1349
-102,728,1350
-103,725,1349
-103,718,1352
-98,723,1359
-89,729,1351
-99,733,1361
-103,719,1352
-96,730,1354
-92,716,1361
-80,714,1362
-81,723,1371
-87,722,1379
-91,716,1386
-85,723,1395
-88,732,1407
-82,725,1418
-72,735,1422
-80,723,1420
-76,715,1442
-65,734,1452
-62,716,1456
-59,724,1470
-69,722,1479
-55,719,1477
-53,707,1490
-48,715,1493
-54,712,1499
-41,715,1500
-56,712,1507
-44,712,1492
-54,712,1497
-31,703,1510
-47,710,1515
-37,715,1503
-46,714,1501
-56,706,1508
-49,707,1504
-44,704,1504
-47,704,1505
-43,705,1506
-45,705,1509
-132,1034,1812
-321,1901,1785
615,-561,-120
-194,1312,1510
682,-661,-1489
-155,1490,1130
-169,1582,1577
-173,1391,1148
-190,1493,1309
-177,2317,548
618,-1030,325
-93,1660,484
595,-1411,379
264,854,-1276
66,1319,-328
-182,2012,510
48,1356,-426
569,-489,-656
321,-376,1874
79,1239,-691
95,60,1918
622,-1055,823
566,-679,-327
595,-619,-255
606,-1057,878
15,372,1627
181,1032,-993
144,-134,1828
542,-875,367
153,1077,-1016
57,1333,-852
214,998,-779
568,-885,765
87,5,1408
228,957,-669
-63,931,721
445,-1211,1886
565,-823,1320
524,-1204,1720
263,-412,1439
-192,1681,-572
503,-730,1144
-167,1635,-581
305,-627,1463
545,-1031,1607
547,-1019,1502
458,-1232,1604
2,357,212
153,1192,-28
13,114,241
503,-1096,1515
529,-701,1425
516,-333,1289
543,-618,1401
579,-860,1521
468,-1082,1364
276,-724,908
6,57,139
-160,1419,-405
-77,1942,-261
270,929,697
555,-694,1425
390,-1087,1176
1,158,23
-190,1682,-492
172,1416,357
546,-530,1393
352,-942,1088
-72,616,-162
-96,1870,-292
360,541,1079
491,-1021,1372
37,84,25
-135,1745,-375
207,796,855
500,-982,1437
134,-45,109
-181,1734,-343
278,548,1102
492,-1060,1246
-18,637,-137
-87,1702,35
373,-248,1376
372,-744,830
-76,1221,-337
-73,1336,443
462,-613,1483
414,-316,340
-192,1615,-256
-32,812,1003
505,-940,1259
142,395,-57
-220,1757,-106
226,202,1269
468,-831,1010
-3,1028,-265
-159,1408,405
381,-465,1501
443,-458,525
-151,1393,-342
-157,1083,867
508,-810,1305
-61,1103,-284
-188,1391,476
378,-349,1447
448,-398,467
-119,1435,-224
-131,866,1014
564,-811,1234
155,495,-6
-322,1619,185
336,-150,1402
567,-407,530
-204,1323,-119
-280,1018,949
543,-649,1206
293,351,121
-354,1558,247
140,185,1261
598,-533,825
-115,1131,-55
-386,1210,773
487,-452,1283
477,141,232
-379,1587,130
-18,395,1195
635,-659,979
145,775,-9
-370,1426,551
363,-270,1331
618,-252,457
-253,1476,73
-196,668,1065
623,-669,1136
286,495,75
-392,1540,364
244,-113,1341
605,-412,635
-141,1211,-72
-365,1117,868
567,-593,1200
342,360,148
-354,1609,204
88,262,1227
620,-524,804
-89,1121,-47
-384,1139,847
507,-529,1264
425,193,192
-370,1622,223
147,151,1314
620,-549,813
5,976,-72
-388,1359,569
336,-268,1318
588,-156,381
-300,1502,29
-172,715,1041
604,-734,1108
154,706,-10
-326,1505,361
375,-281,1385
517,-325,458
-214,1446,-173
-155,928,992
511,-746,1263
-70,1207,-257
-126,1154,737
480,-699,1359
245,15,134
-207,1806,-52
364,-4,1298
386,-866,972
-108,1173,-290
38,1374,324
561,-820,1516
153,-168,249
-163,1811,-374
447,398,1081
449,-1163,1182
-206,1039,-257
190,1521,187
674,-950,1408
76,-370,514
-209,1761,-408
633,513,910
469,-1190,1228
-267,858,-260
195,1968,-67
835,-842,1345
36,-346,501
-241,1762,-461
699,668,703
625,-1007,1311
-325,272,-17
85,1727,-250
943,-239,1113
228,-987,1037
-299,1345,-381
499,1182,168
782,-1082,1310
-184,-52,280
-109,1725,-432
1036,243,975
367,-1107,987
-342,1136,-267
469,1316,68
859,-915,1248
-57,-411,530
-203,1558,-358
834,640,537
592,-907,1175
-366,229,63
101,1632,-216
1080,-24,1001
217,-783,901
-337,1075,-234
511,1233,146
799,-875,1196
-182,-12,354
-70,1544,-307
1049,228,886
343,-880,1040
-433,715,-61
437,1471,-8
853,-699,1157
-55,-279,580
-183,1479,-288
890,560,636
702,854,353
714,-754,1135
-302,112,306
-6,1444,-139
1111,209,867
265,-709,927
-368,786,-8
502,1349,115
878,-500,1073
-34,-262,645
-164,1315,-159
955,519,654
574,-756,1066
-405,393,140
447,1261,167
982,-292,965
93,-542,822
-128,1208,-120
794,706,522
654,-659,1103
-340,198,302
287,1304,-8
1037,68,911
312,-684,951
-279,773,47
620,1032,258
774,-582,1102
-96,-232,527
58,1283,-97
1046,382,759
447,-709,1051
-372,477,53
473,1340,25
870,-610,1168
41,-621,664
-206,1379,-235
954,528,755
544,-852,1157
-455,454,6
397,1530,-50
935,-712,1232
72,-648,746
-306,1578,-436
784,770,601
589,-1017,1258
-358,376,-98
197,1806,-360
895,-161,1246
311,-1089,1122
-307,1326,-450
460,1147,219
822,-932,1480
-83,-290,361
-153,1655,-451
876,412,891
365,-1043,1168
-281,907,-298
236,1918,-211
865,-810,1387
30,-395,529
-268,1658,-573
700,865,652
688,-1241,1423
-298,1369,-531
570,1127,458
784,-1116,1390
-264,-12,127
-37,1788,-507
896,-23,1131
297,-1059,1176
-332,1085,-328
406,1342,7
772,-913,1445
-74,-292,421
-263,1754,-488
902,550,797
469,-1044,1164
-357,811,-228
401,1455,-54
811,-974,1359
-142,-155,356
-398,720,-189
366,1564,-40
929,-845,1281
130,-705,731
-311,1628,-483
764,685,626
638,-980,1311
-321,111,54
36,1682,-194
999,-184,1066
-51,-265,408
-209,1713,-508
911,418,898
504,-1140,1218
-391,627,-187
304,1750,-56
879,-601,1242
135,-816,857
-267,1577,-473
675,847,546
690,-1046,1354
-307,182,39
94,1847,-350
943,-217,1139
204,-1028,890
-264,1543,-491
647,816,503
676,-996,1306
-337,172,54
90,1814,-378
905,-315,1195
187,-862,885
-295,1526,-448
624,923,397
678,-1035,1322
-285,147,46
-60,1908,-392
928,-55,1135
253,-1022,979
-208,1689,-472
897,423,873
524,-1135,1206
-392,686,-222
336,1772,21
861,-927,1341
-13,-335,519
-224,1594,-437
796,663,683
587,-1134,1325
-365,256,-35
117,1739,-285
939,-36,1087
402,-1171,1092
-367,1230,-351
432,1308,102
848,-968,1331
-74,-435,489
-123,1668,-460
901,512,813
429,-1065,1113
-340,909,-237
322,1636,-166
923,-591,1287
124,-794,745
-258,1636,-501
650,819,520
774,-1102,1444
-254,-10,144
-48,1698,-307
963,213,918
378,-1111,1206
-324,1014,-317
426,1403,89
832,-1011,1385
-91,-195,342
-160,1771,-467
871,516,828
671,-1154,1290
-355,562,-159
301,1700,-66
876,-575,1232
196,-1033,927
-238,1503,-458
602,905,410
800,-1121,1393
-295,245,24
181,1774,-143
932,-412,1197
248,-916,937
-293,1283,-336
419,1357,43
822,-937,1397
-151,-154,280
-47,1705,-366
917,319,944
446,-1166,1147
-299,1120,-294
446,1285,137
830,-1011,1422
45,-522,584
-222,1630,-478
852,511,840
528,-1116,1228
-210,1576,-518
689,760,611
673,-1054,1338
-322,425,-75
239,1741,-187
939,-263,1147
254,-1045,979
-216,1345,-398
490,1399,183
779,-1168,1477
-211,-22,97
-33,1836,-376
917,5,1107
283,-1003,1024
-257,1261,-410
415,1641,74
804,-943,1387
-2,-406,561
-156,1645,-489
745,729,661
648,-1059,1316
-308,384,-70
216,1814,-261
855,-487,1276
91,-584,753
-228,1645,-578
655,846,532
667,-991,1336
-269,79,75
58,1726,-322
912,-6,1060
258,-1026,1029
-300,1196,-378
448,1321,139
785,-1007,1430
-123,-121,243
-32,1728,-421
910,268,1011
351,-1073,1095
-318,950,-264
209,1898,-147
905,-720,1283
110,-592,727
-277,1612,-515
641,1030,473
668,-1159,1381
-287,89,34
76,1776,-306
892,-225,1167
294,-1169,1091
-309,1383,-456
535,1248,351
821,-1008,1354
-111,-173,336
-111,1698,-425
893,527,851
452,-1072,1154
-348,767,-212
279,1747,-175
831,-660,1323
164,-902,798
-242,1636,-477
708,711,670
699,-1065,1343
-322,1424,-385
549,1043,297
749,-962,1370
-134,-223,316
-134,1640,-422
809,611,782
656,-1147,1316
-342,464,-153
220,1806,-159
920,-291,1190
289,-1167,1034
-320,1344,-392
498,1062,295
823,-999,1407
-216,-78,280
11,1731,-350
931,67,1076
375,-1199,1126
-291,1227,-389
428,1293,70
794,-982,1401
-56,-396,450
-163,1693,-465
860,557,833
488,-1045,1198
-387,658,-138
311,1604,-124
796,-817,1357
41,-579,614
-287,1649,-541
661,925,464
631,-1073,1428
-339,366,-95
112,1902,-267
915,-383,1179
760,-1046,1433
-254,-45,228
19,1774,-407
926,-42,1086
368,-1217,1163
-368,1215,-318
477,1184,264
776,-964,1410
-79,-284,398
-147,1713,-447
915,365,970
496,-1082,1212
-398,821,-165
307,1608,-104
880,-620,1283
63,-546,729
-223,1627,-485
-302,186,24
28,1850,-391
978,0,1096
241,-933,936
-285,1400,-376
486,1177,168
750,-984,1361
-336,740,-230
876,-832,1311
-4,-375,524
-242,1710,-479
854,519,801
397,-1044,1104
-323,870,-251
336,1737,-15
842,-874,1359
59,-501,594
-216,1612,-520
674,778,620
692,-1264,1351
874,-309,1166
128,-684,773
-196,1592,-393
654,881,525
656,-1155,1347
-250,225,34
14,1731,-375
392,1442,76
741,-971,1269
-11,-284,463
-134,1709,-396
739,534,745
468,-1029,1119
-317,629,-120
126,1743,-129
901,-309,1144
165,-797,785
-204,1565,-347
581,846,466
704,-1149,1319
-114,-39,264
-50,1731,-335
854,224,930
435,-1183,1128
-275,1008,-298
396,1596,58
798,-909,1305
546,-1205,1170
-325,411,-73
234,1759,-89
828,-597,1156
79,-586,648
-173,1665,-426
698,818,616
557,-1117,1266
-291,491,-133
167,1818,-174
841,-448,1188
156,-736,768
-209,1639,-443
608,931,526
671,-1220,1269
-281,1215,-345
379,1446,6
806,-883,1320
21,-440,535
-208,1684,-476
669,814,509
616,-998,1396
-310,210,7
137,1815,-276
901,-90,1168
280,-1005,1022
-269,1406,-438
555,1031,346
830,-896,1466
-120,-193,289
-150,1734,-501
926,242,1017
360,-1151,1162
-318,773,-289
246,1788,-247
826,-554,1289
167,-756,920
-290,1446,-577
562,1019,497
786,-905,1440
-303,140,8
106,1768,-252
895,-114,1108
241,-889,1048
-297,1321,-510
50,-567,606
-324,133,-13
126,1790,-235
894,-168,1169
253,-986,1125
-261,1349,-512
508,1500,217
784,-1034,1507
-264,7,81
-31,1696,-438
899,448,972
468,-1167,1270
-323,841,-272
311,1716,-76
825,-836,1397
11,-463,678
-205,1584,-542
749,863,627
589,-1139,1321
-344,382,-145
191,1899,-231
844,-323,1211
226,-907,1018
-253,1472,-562
522,1160,311
782,-948,1434
-220,-45,181
-53,1703,-444
866,160,1060
24,-510,647
-218,1642,-518
736,744,688
594,-1025,1340
-273,264,-53
129,1849,-403
885,-140,1231
242,-1023,967
-242,1410,-464
478,1100,243
777,-930,1440
-189,-91,205
-53,1671,-446
849,525,836
443,-1131,1245
-314,830,-250
285,1644,-173
783,-801,1439
17,-389,473
-215,1716,-612
696,793,632
611,-976,1340
-295,176,-5
-53,1825,-458
892,94,1034
261,-998,1068
-268,1094,-410
336,1662,-59
780,-838,1355
88,-530,725
-279,1584,-527
578,1008,441
677,-1020,1353
-262,-5,160
46,1767,-441
852,-98,1133
251,-883,1057
-275,1260,-470
435,1381,161
747,-975,1423
-39,-341,445
-141,1656,-537
829,590,866
584,-1118,1310
-348,525,-170
241,1741,-144
819,-509,1282
200,-823,960
-272,1412,-536
515,1064,264
718,-930,1450
-81,-305,391
-239,1764,-493
802,600,793
470,-997,1233
-301,490,-146
91,1801,-238
877,-255,1231
195,-835,945
-252,1503,-501
668,-946,1422
-129,-170,215
-202,1711,-540
117,-596,712
-272,1516,-582
545,1169,450
680,-1018,1409
-233,-7,80
-48,1775,-436
875,54,1066
279,-978,1072
-289,943,-336
279,1826,-221
805,-656,1316
99,-567,747
-280,1569,-599
591,1001,553
662,-1075,1423
-282,95,24
54,1749,-304
872,-154,1156
267,-1008,1092
-292,1085,-382
375,1494,107
736,-788,1416
30,-463,609
-191,1616,-566
744,734,759
639,-1050,1332
-293,277,0
178,1781,-337
823,-460,1252
183,-787,898
-269,1402,-483
470,1164,173
715,-926,1449
-123,-202,286
-208,1755,-506
845,519,892
440,-1063,1165
-312,791,-246
241,1726,-174
854,-506,1293
112,-716,747
-246,1581,-569
625,893,499
617,-941,1389
-260,58,100
47,1821,-403
329,-1151,1102
-316,1155,-361
390,1351,29
747,-854,1418
-37,-388,427
-208,1645,-601
701,779,678
537,-931,1380
-271,339,-130
51,1810,-380
861,-16,1097
294,-1050,1095
-246,1241,-447
412,1447,148
788,-923,1456
-30,-323,424
202,1715,-257
797,-431,1255
102,-658,837
-274,1549,-542
446,1198,144
-19,1775,-477
867,244,1050
324,-1034,1063
-271,1159,-354
378,1360,57
739,-849,1412
-139,-137,277
-113,1709,-510
809,583,901
-329,708,-165
227,1755,-294
830,-474,1361
122,-598,738
-224,1561,-551
605,901,551
712,-962,1465
-231,-16,164
833,112,1086
411,-916,1311
82,-427,619
531,-720,1313
144,1481,-279
767,-78,1046
750,-158,1011
184,1459,-405
423,-778,1469
-149,325,589
-103,170,847
600,-650,1394
-61,1326,-437
784,-88,238
362,973,-602
-150,438,1146
459,756,-611
640,-631,502
643,-592,457
576,414,-574
-174,1301,923
795,-283,-248
465,-623,1271
217,-175,1631
544,-718,1032
718,-106,-653
-194,1264,1187
607,206,-891
659,-722,37
479,-535,915
682,-820,36
734,-378,-745
-108,1301,1249
691,-761,-395
-49,1027,1267
352,783,-385
612,-264,-581
477,237,-372
517,431,-539
579,-189,-505
460,506,-455
586,5,-569
511,123,-416
492,373,-511
570,-99,-513
491,325,-408
536,189,-523
553,-28,-476
483,317,-430
532,165,-506
547,25,-488
506,263,-438
527,182,-497
542,62,-502
518,202,-479
537,116,-490
515,166,-470
525,183,-476
530,138,-485
518,170,-476
508,161,-480
527,153,-481
522,165,-473
520,155,-486
535,152,-469
516,158,-478
522,162,-476
531,155,-468
532,152,-478
528,152,-476
520,167,-476
523,161,-485
527,157,-475
527,157,-482
523,172,-482
523,160,-479
526,164,-484
521,161,-474
526,158,-476
524,156,-466
525,158,-463
526,157,-484
532,162,-479
523,170,-479
530,159,-477
521,168,-486
524,164,-471
524,179,-479
528,156,-471
530,170,-481
540,160,-473
523,150,-470
518,160,-464
507,157,-483
525,170,-471
523,152,-487
519,162,-480
516,182,-480
511,166,-470
513,179,-486
524,171,-491
523,170,-484
524,173,-482
530,166,-474
528,161,-494
526,168,-499
510,166,-483
513,167,-491
518,158,-468
515,168,-483
519,168,-488
502,165,-488
514,173,-474
514,165,-487
513,171,-476
522,171,-470
518,168,-486
514,169,-486
502,176,-480
509,180,-482
507,180,-492
507,176,-481
506,169,-480
508,180,-482
509,170,-474
502,185,-490
507,185,-486
502,192,-486
498,203,-491
496,212,-481
472,213,-494
476,209,-501
490,204,-495
472,217,-489
463,216,-493
465,214,-494
472,223,-495
457,231,-502
459,231,-495
454,236,-500
436,230,-489
454,247,-496
440,240,-500
457,244,-501
456,237,-506
442,244,-495
446,245,-495
444,238,-501
443,236,-511
450,248,-493
445,243,-495
443,259,-503
446,253,-507
444,247,-483
436,238,-497
434,246,-494
453,248,-483
444,248,-502
443,229,-500
434,243,-494
446,246,-507
436,255,-490
445,242,-498
439,247,-490
439,242,-493
429,249,-498
439,245,-498
453,245,-492
433,248,-486
448,243,-478
435,243,-480
443,252,-475
452,241,-495
434,259,-487
446,252,-481
442,257,-490
446,253,-480
440,259,-492
441,250,-486
448,247,-476
437,245,-482
443,252,-484
442,256,-482
434,246,-478
437,248,-487
441,255,-476
437,252,-483
449,239,-486
445,241,-488
453,238,-482
444,248,-487
442,241,-482
450,266,-487
449,244,-486
439,248,-488
445,246,-479
434,249,-478
441,266,-483
440,256,-478
439,253,-467
436,249,-481
441,253,-495
436,254,-480
439,263,-489
440,255,-492
433,254,-481
450,254,-476
444,258,-479
439,248,-481
442,253,-475
447,263,-489
436,261,-477
441,265,-478
451,262,-479
437,259,-477
451,253,-482
437,257,-477
451,261,-471
445,248,-475
438,255,-474
433,256,-480
432,264,-487
434,252,-475
451,253,-484
439,259,-476
432,256,-489
426,264,-476
424,253,-485
429,270,-479
437,259,-480
431,256,-475
439,268,-490
430,263,-479
445,257,-486
437,250,-482
438,260,-476
441,252,-492
438,263,-482
436,262,-471
444,269,-482
434,263,-471
445,263,-479
443,263,-475
423,272,-468
433,270,-475
431,276,-480
440,268,-469
436,268,-482
434,270,-483
436,266,-477
436,266,-474
442,264,-484
433,279,-475
445,273,-478
419,266,-489
424,278,-470
436,278,-484
430,273,-479
433,277,-479
428,264,-483
444,288,-489
429,268,-476
428,279,-469
438,272,-484
434,267,-481
428,281,-488
430,278,-471
426,286,-468
434,275,-476
437,278,-478
437,275,-480
435,273,-481
433,279,-478
436,279,-477
440,275,-479
428,276,-484
434,276,-486
443,268,-478
418,284,-487
427,285,-485
425,276,-485
430,285,-483
440,276,-483
426,273,-469
434,270,-479
422,273,-471
433,276,-476
420,284,-481
437,284,-481
429,276,-488
444,276,-486
425,288,-481
424,285,-486
430,282,-486
430,282,-477
427,279,-485
425,281,-485
429,270,-481
425,272,-485
417,276,-473
436,290,-482
427,279,-483
430,286,-492
431,281,-471
431,293,-482
426,279,-476
424,274,-483
429,295,-479
427,305,-480
417,303,-464
435,296,-475
432,301,-482
421,286,-470
429,305,-470
426,296,-477
429,307,-474
424,299,-477
421,301,-473
425,309,-480
423,300,-470
422,308,-471
428,308,-477
421,298,-474
415,306,-478
432,307,-469
432,303,-481
422,311,-471
419,299,-475
429,305,-474
423,307,-468
426,294,-472
426,286,-478
416,303,-476
419,301,-470
433,297,-477
420,304,-465
427,299,-482
424,286,-477
426,310,-483
417,300,-473
427,296,-483
426,314,-486
424,321,-464
422,297,-468
430,298,-478
433,316,-475
418,308,-473
415,308,-476
424,308,-475
424,300,-468
417,300,-476
419,308,-468
428,308,-471
424,310,-472
422,311,-479
421,308,-467
426,300,-474
425,304,-480
420,309,-476
416,303,-477
425,303,-470
426,297,-478
429,302,-466
424,309,-466
431,304,-465
417,302,-467
424,289,-475
416,301,-465
418,299,-470
430,303,-479
416,300,-474
427,291,-469
420,288,-463
423,309,-481
426,300,-473
429,293,-471
414,320,-458
417,298,-482
425,301,-475
421,307,-477
426,301,-466
415,324,-474
411,297,-468
429,299,-480
427,300,-482
421,320,-472
419,306,-473
413,304,-457
417,305,-476
438,302,-473
418,305,-480
421,300,-476
418,302,-476
423,303,-470
423,307,-467
424,305,-472
423,296,-468
427,311,-470
420,309,-468
432,302,-466
415,303,-479
433,305,-473
431,297,-484
408,312,-467
415,294,-479
422,302,-466
417,312,-468
421,317,-472
432,293,-468
419,299,-480
420,303,-476
424,305,-469
434,294,-469
422,298,-466
424,306,-472
418,301,-478
432,309,-481
428,294,-468
426,309,-464
417,301,-472
435,311,-477
428,302,-480
413,303,-469
418,300,-471
431,314,-467
419,303,-471
427,297,-474
425,306,-473
420,309,-472
429,304,-480
432,300,-480
429,304,-463
437,306,-473
429,308,-478
423,302,-470
418,324,-467
428,307,-476
418,304,-478
420,319,-459
427,294,-469
429,304,-475
409,308,-478
425,306,-481
429,295,-471
429,297,-471
412,306,-477
417,296,-467
426,298,-470
419,306,-473
427,297,-470
427,301,-481
407,305,-473
431,304,-471
429,310,-476
419,297,-484
431,304,-474
418,307,-477
428,304,-470
425,308,-469
415,314,-480
420,308,-473
414,311,-464
428,315,-482
420,313,-478
426,309,-475
423,310,-481
418,310,-477
432,308,-472
428,301,-475
429,293,-468
430,307,-473
431,307,-483
423,306,-473
429,303,-470
432,309,-470
430,299,-470
437,307,-475
437,308,-477
439,317,-472
436,314,-465
441,313,-475
454,298,-472
451,299,-470
452,307,-469
444,300,-474
449,296,-467
434,318,-481
458,312,-473
448,313,-480
449,311,-478
443,309,-473
454,301,-479
449,304,-465
449,311,-483
448,320,-474
449,303,-474
452,303,-467
448,314,-467
463,310,-475
437,300,-475
450,305,-470
457,310,-477
437,304,-470
439,298,-478
448,316,-479
449,314,-482
451,317,-468
445,298,-484
446,299,-473
453,309,-474
456,315,-476
450,295,-473
454,313,-479
452,303,-487
453,309,-479
445,317,-485
442,305,-477
451,305,-468
446,316,-482
446,303,-476
456,296,-469
441,317,-458
438,305,-463
452,304,-468
444,295,-479
439,295,-478
454,310,-478
447,303,-468
455,303,-473
454,296,-472
446,308,-469
442,308,-479
447,304,-476
451,302,-474
437,298,-472
445,311,-487
442,294,-482
438,309,-482
448,307,-484
438,309,-468
460,311,-469
446,315,-469
439,302,-467
445,306,-479
442,314,-475
461,302,-474
453,299,-471
436,303,-473
445,309,-462
453,312,-464
458,316,-483
453,308,-471
444,300,-482
443,301,-460
441,302,-475
440,316,-473
450,314,-469
456,304,-472
450,304,-477
439,311,-469
443,316,-468
450,296,-470
450,304,-476
437,312,-464
440,305,-480
442,312,-475
452,316,-477
446,307,-464
436,307,-465
445,308,-461
440,314,-473
448,322,-470
439,325,-473
437,325,-463
433,322,-466
444,314,-477
442,329,-461
443,329,-466
454,316,-473
441,314,-461
439,314,-471
435,318,-475
440,315,-461
445,313,-466
445,312,-461
440,335,-462
446,305,-468
438,332,-464
440,316,-465
441,323,-468
441,321,-476
429,336,-466
429,324,-468
441,324,-473
438,323,-472
444,317,-470
428,325,-456
446,314,-463
440,329,-462
442,317,-466
440,321,-469
438,326,-466
442,328,-466
450,328,-469
433,320,-456
448,329,-461
439,326,-466
445,328,-458
451,330,-475
449,329,-476
431,335,-470
437,326,-467
444,330,-466
454,317,-463
446,347,-469
442,331,-462
436,332,-457
447,333,-460
445,319,-472
431,315,-472
429,324,-474
451,322,-471
438,323,-473
452,322,-475
452,322,-468
450,324,-466
441,313,-465
445,330,-455
443,322,-460
437,333,-454
439,320,-464
449,325,-469
442,335,-458
441,327,-459
442,331,-466
444,326,-464
441,319,-472
440,317,-465
444,330,-464
442,328,-473
449,335,-462
442,327,-458
447,326,-463
436,319,-472
448,332,-470
434,326,-453
446,327,-465
448,317,-463
441,316,-455
446,332,-454
443,333,-457
433,328,-464
447,325,-473
449,308,-467
446,323,-470
438,326,-467
455,326,-462
448,315,-459
443,322,-469
445,343,-458
441,332,-459
459,327,-462
452,327,-463
444,325,-453
446,326,-473
437,323,-477
442,328,-471
446,333,-457
443,330,-475
443,320,-469
444,334,-465
445,331,-476
437,331,-470
453,319,-468
452,332,-475
445,342,-471
439,328,-457
446,322,-455
447,335,-462
441,327,-464
442,325,-459
444,337,-469
445,321,-466
451,327,-472
446,323,-454
435,316,-466
442,336,-458
457,318,-461
454,314,-462
440,335,-465
449,339,-476
458,326,-458
448,333,-472
445,320,-465
443,327,-474
455,320,-460
451,326,-468
453,332,-462
449,326,-462
445,326,-459
459,336,-472
440,323,-462
450,332,-464
433,335,-465
449,325,-463
441,331,-458
452,331,-456
440,331,-462
446,322,-462
449,328,-461
452,328,-462
448,327,-459
442,328,-468
452,332,-458
443,321,-456
445,334,-462
452,338,-465
445,325,-463
450,327,-455
441,332,-460
449,323,-458
441,320,-459
442,339,-478
447,335,-462
446,335,-467
451,325,-458
455,321,-462
447,326,-469
437,319,-476
457,330,-464
451,335,-467
438,334,-456
454,334,-461
446,328,-464
454,331,-463
447,332,-458
440,317,-447
447,323,-462
448,326,-462
441,335,-469
438,331,-456
448,329,-460
444,332,-454
455,326,-461
442,334,-467
454,330,-467
441,325,-462
438,317,-463
436,319,-463
448,326,-460
446,338,-468
442,334,-458
448,324,-460
439,327,-457
451,335,-461
442,321,-447
448,330,-459
447,321,-470
449,324,-459
455,336,-460
452,323,-467
456,334,-458
458,322,-460
449,329,-463
444,328,-456
448,334,-455
447,329,-456
447,337,-451
436,333,-465
438,333,-456
453,325,-461
455,326,-462
459,333,-465
439,324,-470
439,335,-469
450,332,-466
457,333,-464
446,338,-464
443,330,-455
446,335,-469
442,342,-463
458,326,-448
443,315,-455
457,334,-460
430,334,-459
452,331,-455
450,331,-460
445,332,-455
445,332,-458
447,321,-456
438,334,-469
446,344,-461
447,341,-469
448,338,-460
443,336,-480
457,320,-458
439,343,-459
446,336,-467
448,336,-458
450,328,-467
454,321,-460
444,333,-451
437,334,-455
445,336,-457
430,333,-463
453,324,-460
445,330,-463
447,333,-459
446,333,-455
446,338,-456
457,327,-456
448,330,-464
453,344,-463
449,331,-457
448,328,-469
444,343,-466
451,334,-461
459,343,-461
450,337,-460
452,328,-466
458,328,-463
437,325,-461
456,338,-469
456,336,-462
445,322,-466
453,323,-454
457,327,-454
448,322,-455
449,316,-458
450,337,-459
448,332,-452
441,329,-455
454,326,-459
439,333,-457
451,338,-466
445,339,-457
453,348,-457
450,330,-461
455,348,-463
454,338,-472
449,333,-462
447,345,-453
458,333,-459
446,332,-462
456,331,-464
442,348,-473
444,324,-467
449,326,-471
448,327,-465
450,332,-460
439,345,-456
448,331,-470
436,321,-456
456,339,-464
446,322,-463
449,331,-451
443,345,-465
446,333,-452
448,321,-458
454,329,-459
448,328,-456
442,325,-471
443,334,-460
450,326,-468
447,341,-464
439,329,-463
446,328,-451
452,336,-461
448,331,-469
446,338,-469
440,329,-454
437,341,-460
449,343,-457
445,340,-463
446,336,-456
455,324,-461
452,327,-461
447,329,-463
448,339,-462
441,337,-457
439,336,-460
438,334,-471
448,343,-451
437,331,-465
452,326,-467
449,332,-451
443,340,-462
455,332,-464
453,337,-461
441,328,-458
451,327,-457
450,328,-454
459,339,-462
451,336,-461
455,332,-455
447,328,-459
443,337,-453
452,342,-465
460,341,-456
441,342,-455
456,343,-464
444,336,-448
459,334,-462
447,328,-464
449,334,-462
439,348,-460
447,336,-468
438,324,-454
452,337,-469
448,341,-464
451,336,-461
448,325,-454
449,332,-457
450,321,-453
444,318,-459
